timestamp,open,high,low,close,volume
2026-01-16 04:00:00,95354.69,95816.83,95133.03,95653.16,2294.926
2026-01-16 08:00:00,95653.16,95871.47,95261.43,95429.09,1614.38797
2026-01-16 12:00:00,95429.09,95809.08,94293.46,94585.98,3014.1328
2026-01-16 16:00:00,94585.99,95215.74,94508.0,95002.09,1854.59442
2026-01-16 20:00:00,95002.09,95600.0,94682.0,95550.94,1182.53231
2026-01-17 00:00:00,95550.94,95578.2,95200.0,95372.95,520.98136
2026-01-17 04:00:00,95372.94,95373.64,95041.7,95101.67,558.53587
2026-01-17 08:00:00,95101.67,95323.86,95021.67,95323.86,614.83515
2026-01-17 12:00:00,95323.85,95639.45,95198.81,95573.64,1450.99515
2026-01-17 16:00:00,95573.65,95576.14,95212.25,95291.38,636.49063
2026-01-17 20:00:00,95291.37,95412.86,95050.0,95147.77,498.96321
2026-01-18 00:00:00,95147.77,95250.0,94876.33,95200.29,721.03445
2026-01-18 04:00:00,95200.29,95260.0,95028.27,95028.27,705.29271
2026-01-18 08:00:00,95028.27,95295.39,95021.44,95168.06,960.00602
2026-01-18 12:00:00,95168.06,95376.24,94910.0,95119.28,1177.17902
2026-01-18 16:00:00,95119.27,95521.71,95073.02,95380.99,921.46243
2026-01-18 20:00:00,95380.99,95531.12,93615.4,93673.14,2410.20356
2026-01-19 00:00:00,93673.14,93673.14,91910.2,92690.09,6141.54249
2026-01-19 04:00:00,92690.08,92861.41,92385.07,92841.62,1712.23708
2026-01-19 08:00:00,92841.62,93368.44,92702.56,93191.96,1908.98628
2026-01-19 12:00:00,93191.96,93226.44,92700.0,93068.62,1798.82427
2026-01-19 16:00:00,93068.62,93420.0,92930.0,93105.85,1153.18382
2026-01-19 20:00:00,93105.85,93342.36,92158.48,92631.0,1580.75353
2026-01-20 00:00:00,92630.99,92870.0,92264.7,92434.92,1260.14088
2026-01-20 04:00:00,92434.93,92470.37,90771.78,91177.98,4648.13308
2026-01-20 08:00:00,91177.99,91442.88,90693.0,91218.99,2254.1302
2026-01-20 12:00:00,91218.99,91371.11,89859.06,90684.95,5038.30665
2026-01-20 16:00:00,90684.95,90974.49,89292.48,89725.76,4114.75823
2026-01-20 20:00:00,89725.77,89854.2,87895.98,88427.66,4691.85706
2026-01-21 00:00:00,88427.66,89598.8,88250.0,89432.33,2980.55061
2026-01-21 04:00:00,89432.33,90120.44,89093.28,89213.95,2049.62852
2026-01-21 08:00:00,89213.96,89493.46,88700.0,88789.99,2010.929
2026-01-21 12:00:00,88789.99,90574.0,88196.72,90288.04,4684.20136
2026-01-21 16:00:00,90288.04,90450.0,87263.53,90355.56,6425.20187
2026-01-21 20:00:00,90355.56,90377.0,89344.98,89454.73,2466.99236
2026-01-22 00:00:00,89454.73,90359.99,89454.72,89899.51,1561.80923
2026-01-22 04:00:00,89899.51,90215.79,89802.0,89818.79,1213.67268
2026-01-22 08:00:00,89818.79,90150.0,89760.0,89941.26,1125.90639
2026-01-22 12:00:00,89941.26,90340.0,88515.37,89000.01,3512.25665
2026-01-22 16:00:00,89000.0,89924.46,88676.95,89777.9,2304.40726
2026-01-22 20:00:00,89777.89,89946.13,89140.13,89559.67,1107.45271
2026-01-23 00:00:00,89559.68,89979.97,89450.48,89924.78,1144.14106
2026-01-23 04:00:00,89924.78,90088.94,89400.0,89549.45,1729.71757
2026-01-23 08:00:00,89549.45,89632.18,88860.44,89202.48,1992.68771
2026-01-23 12:00:00,89202.47,89865.53,88578.36,89761.61,2836.93325
2026-01-23 16:00:00,89761.61,91224.99,89489.0,89982.79,4430.77605
2026-01-23 20:00:00,89982.79,90156.06,89200.68,89600.26,1784.23355
2026-01-24 00:00:00,89600.26,89957.39,89424.39,89770.02,760.9766
2026-01-24 04:00:00,89770.03,89853.38,89572.81,89620.1,954.94709
2026-01-24 08:00:00,89620.11,89686.43,89577.97,89595.4,513.59579
2026-01-24 12:00:00,89595.41,89595.41,89171.75,89275.77,1016.91516
2026-01-24 16:00:00,89275.77,89461.4,89162.08,89331.36,560.08706
2026-01-24 20:00:00,89331.36,89489.84,89215.59,89225.34,420.04567
2026-01-25 00:00:00,89225.34,89319.13,88838.72,88960.35,949.82753
2026-01-25 04:00:00,88960.36,89090.13,88635.84,88659.99,1365.03813
2026-01-25 08:00:00,88659.99,88760.0,88136.0,88570.17,1276.76207
2026-01-25 12:00:00,88570.17,88971.89,88340.75,88446.5,1271.25718
2026-01-25 16:00:00,88446.51,88448.85,86194.85,86495.16,6164.82689
2026-01-25 20:00:00,86495.17,87013.79,86074.72,86670.36,3398.50839
2026-01-26 00:00:00,86670.36,87973.11,86509.63,87282.05,4005.56746
2026-01-26 04:00:00,87282.04,88074.48,87244.27,88000.64,3558.66159
2026-01-26 08:00:00,88000.64,88424.45,87600.69,87855.0,1820.3712
2026-01-26 12:00:00,87855.01,88860.0,87325.03,87641.41,4437.30175
2026-01-26 16:00:00,87641.41,88537.95,87035.51,88013.19,2334.22752
2026-01-26 20:00:00,88013.19,88659.09,87542.05,88347.08,1610.38501
2026-01-27 00:00:00,88347.08,88898.0,88194.82,88788.0,1649.23753
2026-01-27 04:00:00,88787.99,89010.0,88278.03,88320.41,1448.31937
2026-01-27 08:00:00,88320.41,88397.85,87743.52,87992.74,1462.63908
2026-01-27 12:00:00,87992.74,88474.23,87578.67,88047.46,2499.9435
2026-01-27 16:00:00,88047.46,88819.89,87304.33,88408.77,3647.91175
2026-01-27 20:00:00,88408.78,89523.16,88373.49,89250.0,2417.35302
2026-01-28 00:00:00,89249.99,89497.96,88985.0,89126.67,1094.38637
2026-01-28 04:00:00,89126.68,89400.0,88840.0,89134.35,1349.92307
2026-01-28 08:00:00,89134.35,90156.72,88833.65,90080.0,2787.07391
2026-01-28 12:00:00,90079.99,90488.0,88904.61,89479.66,4428.88675
2026-01-28 16:00:00,89479.66,90600.0,89006.36,89402.58,3310.08413
2026-01-28 20:00:00,89402.57,89896.0,88878.01,89299.99,1361.83079
2026-01-29 00:00:00,89300.0,89348.0,87704.0,88053.71,2923.10988
2026-01-29 04:00:00,88053.71,88430.05,87901.23,88352.97,1476.91111
2026-01-29 08:00:00,88352.96,88500.0,87750.01,87846.5,2299.04104
2026-01-29 12:00:00,87846.5,88182.29,84366.56,84934.02,10107.55386
2026-01-29 16:00:00,84934.02,85638.3,83383.33,84012.11,10787.89043
2026-01-29 20:00:00,84012.11,84737.69,83824.9,84650.16,2836.87569
2026-01-30 00:00:00,84650.16,84735.75,81118.0,82676.43,12245.12313
2026-01-30 04:00:00,82676.42,83332.2,82056.08,82816.98,4789.41822
2026-01-30 08:00:00,82816.98,83314.85,82160.0,83151.36,3255.07609
2026-01-30 12:00:00,83151.36,83797.99,82382.01,82883.94,4751.88055
2026-01-30 16:00:00,82882.84,84621.16,81871.37,84242.99,6116.25601
2026-01-30 20:00:00,84243.0,84523.11,83539.2,84260.49,4038.09393
2026-01-31 00:00:00,84260.5,84270.02,83815.02,84022.69,1727.33956
2026-01-31 04:00:00,84022.7,84146.22,83404.67,83546.81,1349.94572
2026-01-31 08:00:00,83546.82,83629.08,82560.75,83020.0,2408.78889
2026-01-31 12:00:00,83020.0,83140.0,80825.76,81302.15,6811.82932
2026-01-31 16:00:00,81302.16,82200.0,75719.9,77750.01,22029.61555
2026-01-31 20:00:00,77750.01,79240.0,77092.34,78741.09,5164.37229
2026-02-01 00:00:00,78741.1,79424.0,78284.0,78868.28,4258.38184
2026-02-01 04:00:00,78868.29,79119.3,77967.69,78343.0,2563.1542
2026-02-01 08:00:00,78343.0,79220.72,78148.1,78743.56,2450.30839
2026-02-01 12:00:00,78743.57,78768.68,76761.98,77593.4,4807.63006
2026-02-01 16:00:00,77593.4,78443.1,77000.01,77174.78,2883.53084
2026-02-01 20:00:00,77174.77,77779.63,75700.0,76968.21,8432.47635
2026-02-02 00:00:00,76968.22,78231.26,74604.0,76292.98,11449.76567
2026-02-02 04:00:00,76292.98,76958.0,74911.14,76660.79,9568.39849
2026-02-02 08:00:00,76660.78,77970.62,76628.28,77759.99,5651.50758
2026-02-02 12:00:00,77760.0,79360.0,77564.62,78850.06,7522.81805
2026-02-02 16:00:00,78850.06,79288.28,78283.27,78341.5,5462.07718
2026-02-02 20:00:00,78341.5,78962.78,77888.0,78738.61,2619.02319
2026-02-03 00:00:00,78738.6,79186.81,77644.09,78753.32,4012.52848
2026-02-03 04:00:00,78753.32,78999.99,77950.0,78794.67,2886.84787
2026-02-03 08:00:00,78794.67,79084.29,77950.0,78079.5,2794.97467
2026-02-03 12:00:00,78079.5,78458.89,77055.54,78132.33,5543.61818
2026-02-03 16:00:00,78132.34,78134.53,72945.5,74935.0,18839.6377
2026-02-03 20:00:00,74935.0,76960.0,74586.54,75770.21,5042.50199
2026-02-04 00:00:00,75770.21,76971.52,75467.22,76698.17,3573.68321
2026-02-04 04:00:00,76698.17,76830.69,76105.3,76514.3,2837.0505
2026-02-04 08:00:00,76514.3,76607.69,75666.0,76017.25,2912.66082
2026-02-04 12:00:00,76017.25,76260.85,73794.11,74136.36,8952.94529
2026-02-04 16:00:00,74136.48,74249.83,72169.0,73923.29,13944.22381
2026-02-04 20:00:00,73923.3,74144.0,71888.0,73165.83,6154.79637
2026-02-05 00:00:00,73165.84,73341.18,71152.78,71223.25,8356.43633
2026-02-05 04:00:00,71223.25,71622.82,70140.0,70756.85,13229.00492
2026-02-05 08:00:00,70756.86,71978.58,69922.0,70318.35,9382.74194
2026-02-05 12:00:00,70318.35,70872.04,66720.15,67489.07,25214.85527
2026-02-05 16:00:00,67489.08,68681.81,65200.0,65265.65,21297.2321
2026-02-05 20:00:00,65265.66,65700.0,62345.0,62909.86,28818.55843
2026-02-06 00:00:00,62909.87,66010.0,60000.0,64168.33,28980.40325
2026-02-06 04:00:00,64168.33,66826.5,63914.62,64856.0,13204.36329
2026-02-06 08:00:00,64856.0,66755.13,64500.0,66631.32,9652.84585
2026-02-06 12:00:00,66631.32,69192.0,66114.49,68626.0,17606.82465
2026-02-06 16:00:00,68625.99,71500.0,68428.19,70731.46,17283.69927
2026-02-06 20:00:00,70731.45,71751.33,69837.35,70580.26,5811.079
2026-02-07 00:00:00,70580.26,70928.75,69718.0,70918.99,4687.77364
2026-02-07 04:00:00,70918.99,71690.07,67300.0,68087.14,13271.32166
2026-02-07 08:00:00,68087.13,68790.0,67582.48,67972.65,8689.01558
2026-02-07 12:00:00,67972.65,69999.99,67901.89,69151.5,9290.84055
2026-02-07 16:00:00,69151.5,69898.0,68531.5,69373.61,6393.31777
2026-02-07 20:00:00,69373.61,69728.83,68787.34,69289.38,1923.21116
2026-02-08 00:00:00,69289.37,69696.57,68888.0,69099.99,2026.40929
2026-02-08 04:00:00,69100.0,69719.07,68952.01,69710.69,2878.17149
2026-02-08 08:00:00,69710.69,71220.0,69514.15,70999.98,5309.31519
2026-02-08 12:00:00,70999.99,71554.95,70707.39,71188.99,3659.2176
2026-02-08 16:00:00,71188.99,71538.05,70251.33,71422.97,2720.17356
2026-02-08 20:00:00,71422.96,72271.41,70000.0,70330.38,4827.24455
2026-02-09 00:00:00,70330.38,71453.53,70068.18,71307.56,4021.31441
2026-02-09 04:00:00,71307.56,71359.37,70311.7,70422.59,2930.6054
2026-02-09 08:00:00,70422.59,70608.83,68420.58,68928.72,6108.89766
2026-02-09 12:00:00,68928.71,69884.82,68308.0,69563.37,6863.78788
2026-02-09 16:00:00,69563.37,71075.31,69100.0,70957.01,6239.20348
2026-02-09 20:00:00,70957.01,71126.0,69823.52,70138.0,2988.91959
2026-02-10 00:00:00,70138.0,70527.59,69208.61,69511.83,2469.62773
2026-02-10 04:00:00,69511.83,69906.5,68682.0,68919.66,3133.48778
2026-02-10 08:00:00,68919.66,69417.7,68459.89,68535.01,3589.46371
2026-02-10 12:00:00,68535.02,69591.2,67800.0,69293.37,5843.11364
2026-02-10 16:00:00,69293.37,69993.65,68604.63,69062.01,3997.49855
2026-02-10 20:00:00,69062.0,69136.91,68362.0,68841.29,1340.57931
2026-02-11 00:00:00,68841.28,69292.88,68011.11,68187.99,1918.23444
2026-02-11 04:00:00,68188.0,68325.0,66557.99,67032.72,5175.02607
2026-02-11 08:00:00,67032.71,67134.42,66369.49,67053.03,3914.08731
2026-02-11 12:00:00,67053.03,68834.34,65756.0,66519.73,9148.58414
2026-02-11 16:00:00,66519.72,67860.44,65876.0,67586.67,5004.8715
2026-02-11 20:00:00,67586.66,68369.77,66787.7,67082.52,3557.44256
2026-02-12 00:00:00,67082.52,68047.48,67055.53,67580.99,2100.97039
2026-02-12 04:00:00,67581.0,67682.69,66670.45,67217.72,2710.60187
2026-02-12 08:00:00,67217.71,68299.0,66891.6,68076.01,3668.0563
2026-02-12 12:00:00,68076.01,68410.52,67014.98,67134.74,4824.24216
2026-02-12 16:00:00,67134.74,67232.04,65118.0,65788.36,7933.48282
2026-02-12 20:00:00,65788.36,66488.9,65215.06,66272.17,3034.38929
2026-02-13 00:00:00,66272.17,66814.0,65872.46,66553.08,2583.39216
2026-02-13 04:00:00,66553.09,66671.62,66002.98,66208.96,2428.41994
2026-02-13 08:00:00,66208.96,67226.66,66191.52,67171.42,2201.58479
2026-02-13 12:00:00,67171.41,69309.8,66867.47,68692.12,6886.55091
2026-02-13 16:00:00,68692.12,69482.97,68540.83,68938.91,4320.62247
2026-02-13 20:00:00,68938.91,69079.4,68683.32,68853.96,1823.97928
2026-02-14 00:00:00,68853.97,69137.5,68768.56,68981.99,1291.93003
2026-02-14 04:00:00,68982.0,69343.0,68730.13,69219.26,2188.37379
2026-02-14 08:00:00,69219.27,70560.01,69218.71,70505.74,3530.97709
2026-02-14 12:00:00,70505.74,70533.67,69064.6,69778.28,7103.62124
2026-02-14 16:00:00,69778.28,69930.9,69283.02,69873.99,2295.28058
2026-02-14 20:00:00,69873.99,70250.46,69668.05,69822.95,1704.6012
2026-02-15 00:00:00,69822.94,69990.02,69251.5,69954.5,1764.94129
2026-02-15 04:00:00,69954.5,70926.42,69459.35,70828.42,4747.14422
2026-02-15 08:00:00,70828.43,70983.0,70182.31,70295.22,2073.25418
2026-02-15 12:00:00,70295.22,70418.48,68772.2,69099.99,3852.56524
2026-02-15 16:00:00,69100.0,69100.0,68000.0,68286.63,8139.52235
2026-02-15 20:00:00,68286.64,69078.49,68120.0,68832.58,1712.6248
2026-02-16 00:00:00,68832.59,69065.5,68143.22,68424.82,1757.09824
2026-02-16 04:00:00,68424.82,68900.0,68228.76,68587.9,1421.8609
2026-02-16 08:00:00,68587.89,69060.77,68338.9,68812.83,1609.09509
2026-02-16 12:00:00,68812.84,70126.67,67294.11,67539.52,6563.57157
2026-02-16 16:00:00,67539.53,68245.34,67513.94,67913.43,2266.56859
2026-02-16 20:00:00,67913.44,68978.88,67827.11,68892.43,1897.57095
2026-02-17 00:00:00,68892.43,69241.5,68387.2,68474.9,1970.0963
2026-02-17 04:00:00,68474.9,68707.49,67892.0,68388.12,1507.90265
2026-02-17 08:00:00,68388.12,68479.17,67690.0,67854.6,1702.22977
2026-02-17 12:00:00,67854.6,68360.5,66621.06,67392.05,5962.49538
2026-02-17 16:00:00,67392.06,68235.39,66881.08,67793.32,4203.96684
2026-02-17 20:00:00,67793.32,67928.08,67394.0,67503.52,1142.37827
2026-02-18 00:00:00,67503.52,67705.65,66892.03,67629.11,1226.88759
2026-02-18 04:00:00,67629.1,68219.81,67500.1,68106.44,1433.81961
2026-02-18 08:00:00,68106.44,68476.22,67076.9,67369.75,1922.15458
2026-02-18 12:00:00,67369.75,68347.72,66717.3,67694.01,4330.13695
2026-02-18 16:00:00,67694.01,67706.94,65870.0,66177.14,4311.92393
2026-02-18 20:00:00,66177.15,66550.0,66053.6,66461.0,2267.51573
2026-02-19 00:00:00,66461.0,66997.07,66345.0,66980.91,1337.23292
2026-02-19 04:00:00,66980.91,67320.0,66679.76,67206.45,1593.15988
2026-02-19 08:00:00,67206.45,67206.45,66478.02,66496.02,1879.33579
2026-02-19 12:00:00,66496.03,66755.39,65631.83,66398.0,4451.59374
2026-02-19 16:00:00,66398.01,67198.1,65899.25,67050.0,3411.99791
2026-02-19 20:00:00,67050.0,67168.86,66652.34,67003.73,1868.94964
2026-02-20 00:00:00,67003.73,67488.67,66949.41,67366.25,1472.92111
2026-02-20 04:00:00,67366.25,68006.0,67115.38,67825.91,2411.4783
2026-02-20 08:00:00,67825.91,68318.39,67280.6,67318.41,3414.63472
2026-02-20 12:00:00,67318.41,68083.98,66280.2,67582.95,16088.45139
2026-02-20 16:00:00,67582.95,68000.0,66952.11,67646.03,9574.1468
2026-02-20 20:00:00,67646.03,68233.99,67520.3,68020.01,2390.23859
2026-02-21 00:00:00,68020.0,68099.54,67534.69,67667.77,1582.09541
2026-02-21 04:00:00,67667.77,67924.39,67593.99,67856.01,716.23217
2026-02-21 08:00:00,67856.01,68314.54,67807.3,68092.45,1384.49772
2026-02-21 12:00:00,68092.45,68698.7,67915.0,68615.0,1818.30536
2026-02-21 16:00:00,68615.01,68658.5,68101.78,68543.51,1410.16439
2026-02-21 20:00:00,68543.51,68605.63,67900.0,67975.93,1121.54626
2026-02-22 00:00:00,67975.93,68222.16,67809.78,68041.43,1114.48202
2026-02-22 04:00:00,68041.42,68178.79,67881.81,68005.3,923.792
2026-02-22 08:00:00,68005.3,68245.0,67912.02,68219.97,733.14137
2026-02-22 12:00:00,68219.97,68232.4,67303.5,67684.14,2531.23331
2026-02-22 16:00:00,67684.15,67718.13,67190.0,67428.32,1575.66204
2026-02-22 20:00:00,67428.32,67751.44,67350.0,67643.4,1296.8241
2026-02-23 00:00:00,67643.39,67684.86,64290.71,64934.17,11022.665
2026-02-23 04:00:00,64934.18,66015.22,64685.64,65958.94,4119.82727
2026-02-23 08:00:00,65958.94,66600.0,65565.78,66207.23,3194.00092
2026-02-23 12:00:00,66207.23,66511.51,65529.73,65660.1,3796.34009
2026-02-23 16:00:00,65660.1,65724.28,64048.71,64295.1,7179.94577
2026-02-23 20:00:00,64295.11,65035.98,63888.79,64656.02,3763.13018
2026-02-24 00:00:00,64656.01,65026.75,63342.9,63595.51,4752.76382
2026-02-24 04:00:00,63595.51,63628.52,62700.8,63192.96,4939.8898
2026-02-24 08:00:00,63192.79,63444.66,62908.92,63227.1,2234.59315
2026-02-24 12:00:00,63227.11,64031.76,62510.28,63973.97,5539.65443
2026-02-24 16:00:00,63973.98,64743.11,63689.54,64435.03,3972.72259
2026-02-24 20:00:00,64435.03,64591.99,63820.5,64058.15,1663.21243
2026-02-25 00:00:00,64058.15,66310.0,63913.27,65391.73,5187.17213
2026-02-25 04:00:00,65391.74,65650.0,64755.26,65028.3,2632.47033
2026-02-25 08:00:00,65028.3,65692.62,64955.79,65430.04,1997.89784
2026-02-25 12:00:00,65430.04,67578.0,65324.62,67412.33,7879.83719
2026-02-25 16:00:00,67412.32,69550.0,67404.0,69038.26,8300.46334
2026-02-25 20:00:00,69038.26,69988.83,67600.0,67988.04,4752.15176
2026-02-26 00:00:00,67988.04,68700.0,67727.52,68216.86,2995.4703
2026-02-26 04:00:00,68216.87,68860.0,67817.87,67825.04,2533.15622
2026-02-26 08:00:00,67825.05,68722.64,67792.0,68051.31,3268.6173
2026-02-26 12:00:00,68051.3,68303.83,66761.16,67382.0,5206.19537
2026-02-26 16:00:00,67382.0,67903.12,66500.0,67589.22,5230.45057
2026-02-26 20:00:00,67589.21,67831.11,67150.14,67485.18,1503.88816
2026-02-27 00:00:00,67485.19,67712.16,66885.0,67600.84,2159.8345
2026-02-27 04:00:00,67600.84,68216.8,67459.3,67690.6,3025.27268
2026-02-27 08:00:00,67690.6,68149.93,65960.01,66126.99,4904.69534
2026-02-27 12:00:00,66126.99,66344.9,65649.34,66095.4,5494.9383
2026-02-27 16:00:00,66095.4,66121.03,65113.72,65392.18,3875.92624
2026-02-27 20:00:00,65392.18,65953.2,64914.46,65872.1,1767.91718
2026-02-28 00:00:00,65872.09,66025.52,65721.13,65797.42,1045.74408
2026-02-28 04:00:00,65797.42,65818.44,63030.0,63826.0,5914.91449
2026-02-28 08:00:00,63825.99,64307.44,63372.1,63844.2,4734.32265
2026-02-28 12:00:00,63844.2,65360.51,63827.2,64841.18,4286.48357
2026-02-28 16:00:00,64841.17,66666.65,64681.81,66362.01,2999.13046
2026-02-28 20:00:00,66362.01,67760.0,66190.61,66973.26,3568.12124
2026-03-01 00:00:00,66973.26,68199.99,66042.72,67502.16,4690.36208
2026-03-01 04:00:00,67502.16,67612.14,66749.35,67141.39,3167.39554
2026-03-01 08:00:00,67141.4,67292.3,66215.71,66468.03,3250.92047
2026-03-01 12:00:00,66468.04,67360.57,66132.27,66842.42,3640.03253
2026-03-01 16:00:00,66842.42,67112.37,65699.98,65962.17,3900.17922
2026-03-01 20:00:00,65962.16,66491.43,65056.0,65776.47,4552.96875
2026-03-02 00:00:00,65776.48,67079.0,65761.04,66820.03,2940.58836
2026-03-02 04:00:00,66820.03,66995.64,65542.6,66007.52,3610.46533
2026-03-02 08:00:00,66007.8,66720.84,65654.54,66359.68,4361.76571
2026-03-02 12:00:00,66359.67,69617.74,65259.21,69130.2,10831.61306
2026-03-02 16:00:00,69130.2,70096.0,68576.18,68966.53,6828.10762
2026-03-02 20:00:00,68966.52,69539.77,68584.9,68830.06,3437.84423
2026-03-03 00:00:00,68830.06,69258.08,68210.71,68377.94,2362.09713
2026-03-03 04:00:00,68377.94,68617.42,67800.0,68172.8,3337.11294
2026-03-03 08:00:00,68172.79,68311.83,66340.14,67026.61,6082.75912
2026-03-03 12:00:00,67026.6,67973.2,66158.0,67725.81,5443.2888
2026-03-03 16:00:00,67725.82,68999.0,67473.09,68435.0,5484.70019
2026-03-03 20:00:00,68435.0,68860.0,67832.3,68338.0,2262.28362
2026-03-04 00:00:00,68338.01,68909.34,67400.0,67732.2,3814.8635
2026-03-04 04:00:00,67732.19,69668.0,67467.6,69493.13,5088.84069
2026-03-04 08:00:00,69493.14,71893.0,69098.91,71111.4,12146.09777
2026-03-04 12:00:00,71111.4,73479.75,70588.0,73396.88,11378.24344
2026-03-04 16:00:00,73396.87,74050.0,72541.69,73611.1,8665.00622
2026-03-04 20:00:00,73611.67,73716.0,72313.04,72666.77,3826.02448
2026-03-05 00:00:00,72666.77,73306.82,72336.76,72497.89,3122.96483
2026-03-05 04:00:00,72497.89,73081.08,71759.95,72055.5,4346.02458
2026-03-05 08:00:00,72055.5,73558.15,71757.17,72915.79,6262.38044
2026-03-05 12:00:00,72915.8,73063.38,71168.65,71652.77,5607.55823
2026-03-05 16:00:00,71652.77,71654.65,70645.47,70918.07,4306.65518
2026-03-05 20:00:00,70918.08,71572.3,70777.0,70890.72,2944.92927
2026-03-06 00:00:00,70891.02,71419.98,70344.03,71080.38,3031.93266
2026-03-06 04:00:00,71080.37,71192.76,70143.19,71056.44,3088.31108
2026-03-06 08:00:00,71056.44,71067.58,70184.01,70212.95,2441.15545
2026-03-06 12:00:00,70212.94,70341.76,68176.47,68504.71,8554.35815
2026-03-06 16:00:00,68504.71,68795.44,67744.78,68131.79,3324.41432
2026-03-06 20:00:00,68131.79,68440.92,67777.0,68114.02,2189.71556
2026-03-07 00:00:00,68114.02,68551.04,68060.6,68095.5,1736.7267
2026-03-07 04:00:00,68095.5,68147.73,67446.41,67842.67,2373.66763
2026-03-07 08:00:00,67842.67,68232.27,67720.98,68010.01,1490.07738
2026-03-07 12:00:00,68010.0,68085.41,67609.44,67877.45,1728.39414
2026-03-07 16:00:00,67877.45,67935.01,66915.26,67080.34,3059.42816
2026-03-07 20:00:00,67080.33,67483.05,67068.01,67262.91,2331.24914
2026-03-08 00:00:00,67262.91,67481.96,66833.58,67000.26,2883.43952
2026-03-08 04:00:00,67000.26,67465.11,66547.15,67319.91,2866.09804
2026-03-08 08:00:00,67319.9,68200.0,67156.93,67515.0,3303.40428
2026-03-08 12:00:00,67515.0,67650.94,66761.68,67218.23,4464.48396
2026-03-08 16:00:00,67218.23,67485.24,66745.54,67337.42,2550.26884
2026-03-08 20:00:00,67337.41,67609.08,65618.49,65971.2,5525.94437
2026-03-09 00:00:00,65971.2,67668.64,65821.97,67205.05,5224.01016
2026-03-09 04:00:00,67205.06,68069.29,66853.48,67555.13,3826.34806
2026-03-09 08:00:00,67555.13,68460.09,67344.45,67764.98,4105.57826
2026-03-09 12:00:00,67764.99,69480.0,67759.57,68863.66,7802.97956
2026-03-09 16:00:00,68863.67,69516.65,68179.12,68991.93,5039.37719
2026-03-09 20:00:00,68991.93,69145.28,68384.69,68432.16,2898.42807
2026-03-10 00:00:00,68432.16,70578.29,68391.41,69429.85,5314.5727
2026-03-10 04:00:00,69429.85,70546.74,69429.85,70406.01,4907.28195
2026-03-10 08:00:00,70406.01,71300.0,70369.0,70580.94,6270.5173
2026-03-10 12:00:00,70580.95,71777.0,69266.06,71346.16,7000.10748
2026-03-10 16:00:00,71346.17,71700.0,69739.0,70043.63,5504.97942
2026-03-10 20:00:00,70043.63,70417.3,69452.42,69948.63,3605.11841
2026-03-11 00:00:00,69948.64,70173.25,69488.7,69551.91,4402.46797
2026-03-11 04:00:00,69551.91,70281.87,69420.0,69648.29,3080.54464
2026-03-11 08:00:00,69648.28,69786.32,69150.28,69173.0,3538.73168
2026-03-11 12:00:00,69172.99,71091.18,68977.91,70227.91,7789.43505
2026-03-11 16:00:00,70227.92,71321.0,70161.78,70641.82,5738.49617
2026-03-11 20:00:00,70641.81,70950.0,70125.83,70191.86,2699.59991
2026-03-12 00:00:00,70191.86,70353.87,69226.52,69446.61,2576.17397
2026-03-12 04:00:00,69446.61,69865.98,69205.91,69826.19,2721.97342
2026-03-12 08:00:00,69826.19,70800.0,69580.0,70427.91,4649.38407
2026-03-12 12:00:00,70427.9,70660.69,69355.34,70334.88,6097.47646
2026-03-12 16:00:00,70334.89,70569.15,69770.85,70432.32,3616.058
2026-03-12 20:00:00,70432.33,70734.25,70013.17,70541.34,2336.09458
2026-03-13 00:00:00,70541.34,72000.0,70386.01,71405.75,5755.69452
2026-03-13 04:00:00,71405.76,71672.76,71180.19,71612.22,4181.63698
2026-03-13 08:00:00,71612.23,72575.98,71385.28,72228.82,5105.1507
2026-03-13 12:00:00,72228.81,73913.74,71736.34,71831.46,12303.83944
2026-03-13 16:00:00,71831.46,72249.99,70841.23,71189.95,5469.31306
2026-03-13 20:00:00,71189.96,71491.03,70559.02,70930.0,3180.98208
2026-03-14 00:00:00,70930.01,71185.23,70481.7,71081.3,3513.45361
2026-03-14 04:00:00,71081.31,71307.92,70317.0,70596.68,2929.58232
2026-03-14 08:00:00,70596.68,70784.38,70389.08,70751.42,2494.95824
2026-03-14 12:00:00,70751.42,70941.17,70501.0,70580.09,2537.57782
2026-03-14 16:00:00,70580.09,70740.34,70500.0,70700.0,686.93095
2026-03-14 20:00:00,70699.99,71253.17,70650.09,71211.95,854.74443
2026-03-15 00:00:00,71211.95,71634.08,70858.82,71363.14,2591.56425
2026-03-15 04:00:00,71363.13,71800.68,71330.66,71453.59,2377.69395
2026-03-15 08:00:00,71453.59,71940.49,71453.59,71839.42,2170.1455
2026-03-15 12:00:00,71839.41,71839.42,71263.99,71481.24,2095.3494
2026-03-15 16:00:00,71481.24,71989.93,71320.08,71549.94,1241.1248
2026-03-15 20:00:00,71549.94,73199.0,71433.75,72815.24,3561.42914
2026-03-16 00:00:00,72815.25,74330.34,72270.41,73573.32,5313.15699
2026-03-16 04:00:00,73573.31,74451.03,73385.18,73456.68,5517.22506
2026-03-16 08:00:00,73456.69,73838.76,72888.8,73552.77,3812.93394
2026-03-16 12:00:00,73552.78,74509.52,72990.52,73274.76,5744.41989
2026-03-16 16:00:00,73274.75,74418.6,73160.66,73963.0,4131.80846
2026-03-16 20:00:00,73963.0,74909.08,73863.2,74884.67,3889.98585
2026-03-17 00:00:00,74884.67,76000.0,74268.73,74463.98,6925.21053
2026-03-17 04:00:00,74463.98,74712.89,73784.0,74249.32,4918.92532
2026-03-17 08:00:00,74249.32,74452.97,73560.98,74033.11,3022.84272
2026-03-17 12:00:00,74033.1,74893.94,73399.19,73914.39,4507.55719
2026-03-17 16:00:00,73914.4,74800.0,73855.24,74512.17,3050.04683
2026-03-17 20:00:00,74511.21,74799.0,73871.74,73909.36,2096.68377
2026-03-18 00:00:00,73909.37,74672.34,73535.36,74446.14,2220.38681
2026-03-18 04:00:00,74446.14,74486.3,73700.01,73883.8,2292.66886
2026-03-18 08:00:00,73883.8,74281.33,72800.0,72952.85,3439.26859
2026-03-18 12:00:00,72952.85,72981.79,70857.21,71467.82,8373.20589
2026-03-18 16:00:00,71467.82,72000.5,70933.85,71072.38,4336.24884
2026-03-18 20:00:00,71072.38,71451.22,70500.0,71246.54,2731.10194
2026-03-19 00:00:00,71246.55,71613.79,70902.37,71215.39,2427.94963
2026-03-19 04:00:00,71215.39,71215.39,69478.51,70191.17,4492.82933
2026-03-19 08:00:00,70191.16,70560.91,69900.0,69952.75,3434.1741
2026-03-19 12:00:00,69952.75,70179.53,68793.35,69412.51,6707.39933
2026-03-19 16:00:00,69412.52,70596.42,69122.03,70271.99,3251.17683
2026-03-19 20:00:00,70272.0,70695.6,69718.23,69930.0,2051.28897
2026-03-20 00:00:00,69930.01,70809.43,69837.1,70729.92,2423.03588
2026-03-20 04:00:00,70729.93,70969.71,70160.06,70854.66,2609.94577
2026-03-20 08:00:00,70854.66,71367.0,70218.68,70478.71,3112.13588
2026-03-20 12:00:00,70478.71,70685.63,69480.0,69860.09,4715.91571
2026-03-20 16:00:00,69860.09,70190.18,69388.0,70177.86,3079.98123
2026-03-20 20:00:00,70177.85,70923.75,69754.71,70510.73,2180.15298
2026-03-21 00:00:00,70510.73,70826.0,70431.67,70657.35,1194.32406
2026-03-21 04:00:00,70657.35,70879.76,70617.05,70727.33,2717.2463
2026-03-21 08:00:00,70727.33,70753.79,70492.02,70652.72,2045.34328
2026-03-21 12:00:00,70652.73,71100.94,70453.09,70630.02,1644.14012
2026-03-21 16:00:00,70630.02,70652.64,70210.0,70396.0,1221.39503
2026-03-21 20:00:00,70396.01,70516.82,68571.42,68918.12,4574.71871
2026-03-22 00:00:00,68918.12,69588.79,68228.5,69339.99,4148.48971
2026-03-22 04:00:00,69340.0,69526.85,68892.93,68919.38,1759.92655
2026-03-22 08:00:00,68919.37,68990.67,68110.55,68217.95,2582.06971
2026-03-22 12:00:00,68217.94,69005.71,68199.04,68847.96,1809.03421
2026-03-22 16:00:00,68847.97,68885.53,68145.01,68199.93,1323.42339
2026-03-22 20:00:00,68199.93,68498.4,67360.66,67859.0,3220.84325
2026-03-23 00:00:00,67859.0,68585.12,67445.18,68074.6,2495.61558
2026-03-23 04:00:00,68074.6,68915.4,67502.48,68333.16,4814.40128
2026-03-23 08:00:00,68333.16,71499.0,67916.14,70122.15,9165.95784
2026-03-23 12:00:00,70122.15,71817.09,69671.95,70131.48,7343.07463
2026-03-23 16:00:00,70131.48,71166.27,70131.47,71105.55,2434.38334
